index,character,conservation
0,-,0.0
1,-,0.0
2,-,0.0
3,-,0.0
4,-,0.0
5,-,0.0
6,-,0.0
7,-,0.0
8,-,0.0
9,-,0.0
10,-,0.0
11,-,0.0
12,-,0.0
13,-,0.0
14,-,0.0
15,-,0.0
16,-,0.0
17,-,0.0
18,-,0.0
19,-,0.0
20,-,0.0
21,-,0.0
22,-,0.0
23,E,6.0
24,E,4.0
25,L,5.0
26,I,7.0
27,N,5.0
28,Q,5.0
29,-,0.0
30,L,8.0
31,L,7.0
32,K,5.0
33,-,0.0
34,-,0.0
35,A,7.0
36,H,8.0
37,-,0.0
38,-,0.0
39,P,3.0
40,E,6.0
41,T,7.0
42,S,4.0
43,P,9.0
44,S,5.0
45,-,0.0
46,-,0.0
47,L,4.0
48,S,5.0
49,D,8.0
50,L,4.0
51,K,7.0
52,Q,5.0
53,F,4.0
54,-,0.0
55,-,0.0
56,-,0.0
57,-,0.0
58,-,0.0
59,-,0.0
60,-,0.0
61,-,0.0
62,-,0.0
63,-,0.0
64,-,0.0
65,-,0.0
66,-,0.0
67,-,0.0
68,-,0.0
69,-,0.0
70,-,0.0
71,-,0.0
72,-,0.0
73,-,0.0
74,-,0.0
75,-,0.0
76,-,0.0
77,-,0.0
78,-,0.0
79,-,0.0
80,-,0.0
81,-,0.0
82,-,0.0
83,-,0.0
84,-,0.0
85,-,0.0
86,-,0.0
87,-,0.0
88,-,0.0
89,-,0.0
90,-,0.0
91,-,0.0
92,-,0.0
93,-,0.0
94,-,0.0
95,-,0.0
96,-,0.0
97,-,0.0
98,-,0.0
99,-,0.0
100,-,0.0
101,-,0.0
102,-,0.0
103,-,0.0
104,-,0.0
105,-,0.0
106,-,0.0
107,-,0.0
108,-,0.0
109,-,0.0
110,-,0.0
111,-,0.0
112,-,0.0
113,-,0.0
114,-,0.0
115,-,0.0
116,-,0.0
117,-,0.0
118,-,0.0
119,-,0.0
120,-,0.0
121,-,0.0
122,-,0.0
123,-,0.0
124,-,0.0
125,-,0.0
126,-,0.0
127,-,0.0
128,-,0.0
129,-,0.0
130,-,0.0
131,-,0.0
132,-,0.0
133,-,0.0
134,-,0.0
135,-,0.0
136,-,0.0
137,-,0.0
138,-,0.0
139,-,0.0
140,-,0.0
141,-,0.0
142,-,0.0
143,-,0.0
144,-,0.0
145,-,0.0
146,-,0.0
147,-,0.0
148,-,0.0
149,-,0.0
150,-,0.0
151,-,0.0
152,-,0.0
153,-,0.0
154,-,0.0
155,-,0.0
156,-,0.0
157,-,0.0
158,-,0.0
159,-,0.0
160,-,0.0
161,-,0.0
162,-,0.0
163,-,0.0
164,-,0.0
165,-,0.0
166,-,0.0
167,-,0.0
168,-,0.0
169,-,0.0
170,-,0.0
171,-,0.0
172,-,0.0
173,-,0.0
174,-,0.0
175,-,0.0
176,-,0.0
177,-,0.0
178,-,0.0
179,-,0.0
180,-,0.0
181,-,0.0
182,-,0.0
183,-,0.0
184,-,0.0
185,-,0.0
186,-,0.0
187,-,0.0
188,-,0.0
189,-,0.0
190,-,0.0
191,-,0.0
192,-,0.0
193,-,0.0
194,-,0.0
195,-,0.0
196,-,0.0
197,-,0.0
198,-,0.0
199,-,0.0
200,-,0.0
201,-,0.0
202,-,0.0
203,-,0.0
204,-,0.0
205,-,0.0
206,-,0.0
207,-,0.0
208,-,0.0
209,-,0.0
210,-,0.0
211,-,0.0
212,-,0.0
213,-,0.0
214,-,0.0
215,-,0.0
216,-,0.0
217,-,0.0
218,-,0.0
219,-,0.0
220,-,0.0
221,-,0.0
222,-,0.0
223,-,0.0
224,-,0.0
225,-,0.0
226,-,0.0
227,-,0.0
228,-,0.0
229,-,0.0
230,-,0.0
231,-,0.0
232,-,0.0
233,-,0.0
234,-,0.0
235,-,0.0
236,-,0.0
237,-,0.0
238,-,0.0
239,-,0.0
240,-,0.0
241,-,0.0
242,-,0.0
243,-,0.0
244,-,0.0
245,-,0.0
246,-,0.0
247,-,0.0
248,-,0.0
249,-,0.0
250,-,0.0
251,-,0.0
252,-,0.0
253,-,0.0
254,-,0.0
255,-,0.0
256,-,0.0
257,-,0.0
258,-,0.0
259,-,0.0
260,-,0.0
261,-,0.0
262,-,0.0
263,-,0.0
264,-,0.0
265,-,0.0
266,-,0.0
267,-,0.0
268,-,0.0
269,-,0.0
270,-,0.0
271,-,0.0
272,-,0.0
273,-,0.0
274,K,2.0
275,A,3.0
276,G,1.0
277,-,0.0
278,P,1.0
279,D,1.0
280,P,1.0
281,-,0.0
282,Q,1.0
283,G,1.0
284,P,1.0
285,E,1.0
286,-,0.0
287,-,0.0
288,-,0.0
289,-,0.0
290,-,0.0
291,-,0.0
292,T,3.0
293,-,0.0
294,-,0.0
295,D,3.0
296,L,3.0
297,E,1.0
298,-,0.0
299,-,0.0
300,M,4.0
301,F,6.0
302,Q,5.0
303,Q,5.0
304,F,6.0
305,C,7.0
306,-,0.0
307,-,0.0
308,-,0.0
309,E,4.0
310,L,5.0
311,A,7.0
312,T,7.0
313,R,5.0
314,S,7.0
315,I,8.0
316,V,6.0
317,K,4.0
318,I,7.0
319,-,0.0
320,V,8.0
321,E,4.0
322,W,9.0
323,A,9.0
324,K,8.0
325,R,4.0
326,I,7.0
327,P,9.0
328,G,8.0
329,-,0.0
330,-,0.0
331,-,0.0
332,F,9.0
333,-,0.0
334,T,3.0
335,D,3.0
336,-,0.0
337,L,9.0
338,P,4.0
339,-,0.0
340,-,0.0
341,L,4.0
342,E,4.0
343,D,9.0
344,Q,9.0
345,I,8.0
346,T,5.0
347,L,9.0
348,L,8.0
349,K,8.0
350,S,6.0
351,A,7.0
352,C,6.0
353,L,7.0
354,-,0.0
355,-,0.0
356,-,0.0
357,-,0.0
358,E,9.0
359,I,8.0
360,L,7.0
361,M,7.0
362,L,7.0
363,R,8.0
364,L,5.0
365,A,7.0
366,Y,5.0
367,-,0.0
368,-,0.0
369,-,0.0
370,-,0.0
371,-,0.0
372,-,0.0
373,-,0.0
374,-,0.0
375,-,0.0
376,-,0.0
377,R,7.0
378,-,0.0
379,-,0.0
380,-,0.0
381,S,7.0
382,N,5.0
383,-,0.0
384,-,0.0
385,P,2.0
386,E,2.0
387,-,0.0
388,E,3.0
389,D,5.0
390,T,5.0
391,L,5.0
392,I,5.0
393,-,0.0
394,-,0.0
395,F,7.0
396,-,0.0
397,S,5.0
398,D,6.0
399,-,0.0
400,-,0.0
401,-,0.0
402,-,0.0
403,-,0.0
404,-,0.0
405,-,0.0
406,G,7.0
407,L,3.0
408,T,3.0
409,-,0.0
410,-,0.0
411,L,5.0
412,-,0.0
413,N,4.0
414,-,0.0
415,-,0.0
416,-,0.0
417,-,0.0
418,-,0.0
419,-,0.0
420,-,0.0
421,-,0.0
422,-,0.0
423,-,0.0
424,-,0.0
425,-,0.0
426,-,0.0
427,-,0.0
428,-,0.0
429,-,0.0
430,-,0.0
431,-,0.0
432,-,0.0
433,-,0.0
434,-,0.0
435,-,0.0
436,-,0.0
437,-,0.0
438,-,0.0
439,R,5.0
440,D,1.0
441,-,0.0
442,-,0.0
443,-,0.0
444,-,0.0
445,-,0.0
446,-,0.0
447,-,0.0
448,-,0.0
449,-,0.0
450,-,0.0
451,-,0.0
452,-,0.0
453,-,0.0
454,-,0.0
455,-,0.0
456,-,0.0
457,-,0.0
458,-,0.0
459,-,0.0
460,-,0.0
461,-,0.0
462,-,0.0
463,-,0.0
464,-,0.0
465,-,0.0
466,-,0.0
467,-,0.0
468,-,0.0
469,-,0.0
470,-,0.0
471,-,0.0
472,-,0.0
473,-,0.0
474,-,0.0
475,-,0.0
476,-,0.0
477,-,0.0
478,-,0.0
479,-,0.0
480,-,0.0
481,-,0.0
482,-,0.0
483,-,0.0
484,-,0.0
485,-,0.0
486,-,0.0
487,-,0.0
488,-,0.0
489,-,0.0
490,-,0.0
491,-,0.0
492,-,0.0
493,-,0.0
494,-,0.0
495,-,0.0
496,-,0.0
497,-,0.0
498,-,0.0
499,-,0.0
500,-,0.0
501,-,0.0
502,-,0.0
503,-,0.0
504,-,0.0
505,-,0.0
506,-,0.0
507,-,0.0
508,-,0.0
509,-,0.0
510,Q,5.0
511,L,5.0
512,R,3.0
513,R,2.0
514,-,0.0
515,-,0.0
516,-,0.0
517,-,0.0
518,-,0.0
519,-,0.0
520,-,0.0
521,A,6.0
522,-,0.0
523,-,0.0
524,G,6.0
525,F,5.0
526,G,4.0
527,-,0.0
528,E,4.0
529,L,6.0
530,I,6.0
531,-,0.0
532,D,5.0
533,P,4.0
534,I,6.0
535,L,4.0
536,E,4.0
537,-,0.0
538,F,8.0
539,S,6.0
540,R,1.0
541,K,5.0
542,L,8.0
543,R,4.0
544,S,3.0
545,L,6.0
546,Q,2.0
547,L,7.0
548,D,7.0
549,D,4.0
550,A,6.0
551,E,8.0
552,F,6.0
553,-,0.0
554,-,0.0
555,-,0.0
556,-,0.0
557,-,0.0
558,A,8.0
559,C,8.0
560,L,8.0
561,T,5.0
562,A,8.0
563,I,7.0
564,V,6.0
565,L,7.0
566,L,5.0
567,S,8.0
568,-,0.0
569,-,0.0
570,-,0.0
571,-,0.0
572,S,7.0
573,-,0.0
574,-,0.0
575,-,0.0
576,-,0.0
577,-,0.0
578,-,0.0
579,D,8.0
580,R,8.0
581,-,0.0
582,-,0.0
583,-,0.0
584,-,0.0
585,-,0.0
586,-,0.0
587,-,0.0
588,-,0.0
589,-,0.0
590,P,4.0
591,G,5.0
592,L,8.0
593,E,3.0
594,D,5.0
595,P,1.0
596,E,1.0
597,K,4.0
598,V,8.0
599,E,7.0
600,K,1.0
601,L,6.0
602,Q,9.0
603,E,6.0
604,K,3.0
605,L,5.0
606,L,5.0
607,E,4.0
608,A,7.0
609,L,9.0
610,K,5.0
611,D,3.0
612,Y,6.0
613,V,4.0
614,K,3.0
615,Y,1.0
616,R,2.0
617,H,5.0
618,-,0.0
619,-,0.0
620,P,4.0
621,-,0.0
622,-,0.0
623,-,0.0
624,-,0.0
625,-,0.0
626,-,0.0
627,-,0.0
628,-,0.0
629,-,0.0
630,-,0.0
631,-,0.0
632,D,2.0
633,-,0.0
634,-,0.0
635,-,0.0
636,-,0.0
637,-,0.0
638,-,0.0
639,-,0.0
640,-,0.0
641,-,0.0
642,-,0.0
643,-,0.0
644,-,0.0
645,-,0.0
646,-,0.0
647,Q,4.0
648,-,0.0
649,-,0.0
650,P,3.0
651,-,0.0
652,-,0.0
653,-,0.0
654,-,0.0
655,-,0.0
656,-,0.0
657,-,0.0
658,H,2.0
659,-,0.0
660,R,4.0
661,F,6.0
662,P,6.0
663,K,6.0
664,L,6.0
665,L,7.0
666,M,5.0
667,K,7.0
668,L,7.0
669,P,7.0
670,-,0.0
671,D,7.0
672,L,8.0
673,R,9.0
674,-,0.0
675,-,0.0
676,-,0.0
677,-,0.0
678,T,6.0
679,I,7.0
680,-,0.0
681,-,0.0
682,-,0.0
683,-,0.0
684,-,0.0
685,-,0.0
686,-,0.0
687,-,0.0
688,-,0.0
689,-,0.0
690,-,0.0
691,-,0.0
692,-,0.0
693,-,0.0
694,-,0.0
695,-,0.0
696,-,0.0
697,-,0.0
698,-,0.0
699,-,0.0
700,-,0.0
701,-,0.0
702,-,0.0
703,-,0.0
704,-,0.0
705,S,7.0
706,-,0.0
707,-,0.0
708,-,0.0
709,-,0.0
710,T,5.0
711,-,0.0
712,-,0.0
713,K,5.0
714,G,8.0
715,V,6.0
716,E,6.0
717,R,6.0
718,L,7.0
719,F,4.0
720,Y,5.0
721,L,7.0
722,-,0.0
723,-,0.0
724,-,0.0
725,K,7.0
726,L,3.0
727,E,5.0
728,D,6.0
729,P,4.0
730,-,0.0
731,-,0.0
732,-,0.0
733,-,0.0
734,-,0.0
735,V,6.0
736,P,4.0
737,-,0.0
738,L,6.0
739,P,8.0
740,-,0.0
741,-,0.0
742,P,7.0
743,L,8.0
744,L,6.0
745,L,4.0
746,E,8.0
747,-,0.0
748,M,8.0
749,F,8.0
750,E,4.0
751,-,0.0
752,D,5.0
753,Q,4.0
754,E,5.0
755,-,0.0
756,-,0.0
757,-,0.0
758,-,0.0
759,-,0.0
760,-,0.0
761,-,0.0
762,-,0.0
763,-,0.0
764,-,0.0
765,-,0.0
766,-,0.0
767,-,0.0
768,-,0.0
769,-,0.0
770,-,0.0
771,-,0.0
772,-,0.0
773,-,0.0
774,-,0.0
775,-,0.0
776,-,0.0
777,-,0.0
778,-,0.0
779,-,0.0
780,-,0.0
781,-,0.0
782,-,0.0
783,-,0.0
784,-,0.0
785,-,0.0
786,-,0.0
787,-,0.0
788,-,0.0
789,-,0.0
790,P,6.0
791,F,5.0
792,E,3.0
793,E,4.0
794,Q,3.0
795,S,4.0
796,E,7.0
797,-,0.0
798,-,0.0
799,-,0.0
800,-,0.0
801,-,0.0
802,-,0.0
803,-,0.0
804,-,0.0
805,-,0.0
806,-,0.0
807,-,0.0
808,-,0.0
809,-,0.0
810,-,0.0
811,-,0.0
812,-,0.0
813,-,0.0
814,-,0.0
815,S,5.0
